{
  "experiment": "Expand Cognitive Labels",
  "original_qids": [
    "QID1-5",
    "QID1-12",
    "QID1-13",
    "QID1-22",
    "QID1-23"
  ],
  "expanded_qids": [
    "QID1-5",
    "QID1-12",
    "QID1-13",
    "QID1-14",
    "QID1-22",
    "QID1-23",
    "QID65",
    "QID75"
  ],
  "added_qids": [
    "QID1-14",
    "QID65",
    "QID75"
  ],
  "original_auc": 0.7558948065169228,
  "expanded_auc": 0.6948710809613483,
  "improvement": -0.06102372555557445,
  "relative_improvement_pct": -8.073044692126519,
  "results": {
    "Original": {
      "auc": 0.7558948065169228,
      "pr_auc": 0.19537629490987804,
      "n_train": 28933,
      "n_test": 7234,
      "mci_prevalence_train": 0.05851449901496561,
      "mci_prevalence_test": 0.05847387337572574,
      "n_features": 35
    },
    "Expanded": {
      "auc": 0.6948710809613483,
      "pr_auc": 0.177671020035041,
      "n_train": 28933,
      "n_test": 7234,
      "mci_prevalence_train": 0.07534649016693741,
      "mci_prevalence_test": 0.07533867846281449,
      "n_features": 35
    }
  }
}