{
  "experiment": "Clean Up Medical Labels",
  "original_auc": 0.7558948065169228,
  "cleaned_auc": 0.7558948065169228,
  "improvement": 0.0,
  "relative_improvement_pct": 0.0,
  "results": {
    "Original": {
      "auc": 0.7558948065169228,
      "pr_auc": 0.19537629490987804,
      "n_train": 28933,
      "n_test": 7234,
      "mci_prevalence_train": 0.05851449901496561,
      "mci_prevalence_test": 0.05847387337572574,
      "n_features": 35
    },
    "Cleaned": {
      "auc": 0.7558948065169228,
      "pr_auc": 0.19537629490987804,
      "n_train": 28933,
      "n_test": 7234,
      "mci_prevalence_train": 0.05851449901496561,
      "mci_prevalence_test": 0.05847387337572574,
      "n_features": 35
    }
  }
}