{
  "best_auc": 0.7023387952102268,
  "best_model": "Logistic",
  "all_results": {
    "Logistic": 0.7023387952102268,
    "RF": 0.652251845306939,
    "HistGB": 0.6848293515076005
  },
  "n_subjects": 36760,
  "n_longitudinal": 23855,
  "achieved_080": 