{
  "model": "Calibrated Stacking Ensemble",
  "test_auc": 0.7324004346682539,
  "test_size": 7239,
  "mci_prevalence": 0.058571625915181655,
  "threshold_results": {
    "default": {
      "threshold": 0.5,
      "sensitivity": 0.0023584905660377358,
      "specificity": 0.9997065297138664,
      "precision": 0.3333333333333333,
      "f1": 0.004683840749414519,
      "predicted_pct": 0.0004144218814753419,
      "tp": 1.0,
      "fp": 2.0,
      "fn": 423.0,
      "tn": 6813.0
    },
    "youden": {
      "threshold": 0.06825413176667423,
      "sensitivity": 0.6084905660377359,
      "specificity": 0.7496698459280998,
      "precision": 0.13136456211812628,
      "f1": 0.21608040201005024,
      "predicted_pct": 0.2713081917391905,
      "tp": 258.0,
      "fp": 1706.0,
      "fn": 166.0,
      "tn": 5109.0
    },
    "f1_max": {
      "threshold": 0.13404122083367367,
      "sensitivity": 0.2759433962264151,
      "specificity": 0.9367571533382245,
      "precision": 0.21350364963503649,
      "f1": 0.24074074074074076,
      "predicted_pct": 0.07570106368282913,
      "tp": 117.0,
      "fp": 431.0,
      "fn": 307.0,
      "tn": 6384.0
    },
    "sens_80": {
      "threshold": 0.04282096248813864,
      "sensitivity": 0.8018867924528302,
      "specificity": 0.5113719735876743,
      "precision": 0.09264305177111716,
      "f1": 0.16609672691744015,
      "predicted_pct": 0.5069761016715015,
      "tp": 340.0,
      "fp": 3330.0,
      "fn": 84.0,
      "tn": 3485.0
    },
    "sens_90": {
      "threshold": 0.02842404911806874,
      "sensitivity": 0.8985849056603774,
      "specificity": 0.32457813646368305,
      "precision": 0.0764446227929374,
      "f1": 0.14090236686390534,
      "predicted_pct": 0.6884928857577013,
      "tp": 381.0,
      "fp": 4603.0,
      "fn": 43.0,
      "tn": 2212.0
    },
    "spec_90": {
      "threshold": 0.11878590360005838,
      "sensitivity": 0.35377358490566035,
      "specificity": 0.8986060161408658,
      "precision": 0.178359096313912,
      "f1": 0.23715415019762848,
      "predicted_pct": 0.11617626744025418,
      "tp": 150.0,
      "fp": 691.0,
      "fn": 274.0,
      "tn": 6124.0
    }
  },
  "improvement": {
    "sensitivity_gain": 0.7995283018867925,
    "additional_cases_detected": 339,
    "from_threshold": 0.5,
    "to_threshold": 0.04282096248813864
  }
}